{"cameraMode":{"drawMode":0,"name":"Shaded","section":"Shading Mode"},"sceneLighting":false,"audioPlay":false,"sceneViewState":{"showFog":false,"showMaterialUpdate":false,"showSkybox":false,"showFlares":false,"showImageEffects":false,"showParticleSystems":false},"in2DMode":false,"pivot":{"x":4.170000076293945,"y":0.5,"z":-0.037203848361968997},"rotation":{"x":-0.07336252182722092,"y":0.040681611746549609,"z":0.0029950374737381937,"w":0.9964707493782044},"size":16.430116653442384,"orthographic":false}