{"cameraMode":{"drawMode":0,"name":"Shaded","section":"Shading Mode"},"sceneLighting":true,"audioPlay":false,"sceneViewState":{"showFog":false,"showMaterialUpdate":false,"showSkybox":false,"showFlares":false,"showImageEffects":false,"showParticleSystems":false},"in2DMode":false,"pivot":{"x":4.910027980804443,"y":-5.671337604522705,"z":3.258073568344116},"rotation":{"x":-0.10112302005290985,"y":0.04712820053100586,"z":-0.004795370157808065,"w":-0.9937455058097839},"size":7.363331317901611,"orthographic":false}