{"cameraMode":{"drawMode":0,"name":"Shaded","section":"Shading Mode"},"sceneLighting":false,"audioPlay":false,"sceneViewState":{"showFog":true,"showMaterialUpdate":false,"showSkybox":false,"showFlares":true,"showImageEffects":true,"showParticleSystems":true},"in2DMode":false,"pivot":{"x":4.020435333251953,"y":0.17998157441616059,"z":-0.8701562285423279},"rotation":{"x":0.023988019675016404,"y":-0.028487853705883027,"z":0.0006837393157184124,"w":0.9993083477020264},"size":13.19576644897461,"orthographic":false}